conceptType,conceptUri,code,preferredLabel,altLabels,description
ISCOGroup,http://data.europa.eu/esco/isco/C0,0,Professions militaires,,
ISCOGroup,http://data.europa.eu/esco/isco/C01,01,Officiers des forces armées,,
ISCOGroup,http://data.europa.eu/esco/isco/C011,011,Officiers des forces armées,,
ISCOGroup,http://data.europa.eu/esco/isco/C0110,0110,Officiers des forces armées,,
ISCOGroup,http://data.europa.eu/esco/isco/C02,02,Sous-officiers des forces armées,,
ISCOGroup,http://data.europa.eu/esco/isco/C021,021,Sous-officiers des forces armées,,
ISCOGroup,http://data.europa.eu/esco/isco/C0210,0210,Sous-officiers des forces armées,,
ISCOGroup,http://data.europa.eu/esco/isco/C03,03,Autres membres des forces armées,,
ISCOGroup,http://data.europa.eu/esco/isco/C031,031,Autres membres des forces armées,,
ISCOGroup,http://data.europa.eu/esco/isco/C0310,0310,Autres membres des forces armées,,
ISCOGroup,http://data.europa.eu/esco/isco/C1,1,"Directeurs, cadres de direction et gérants",,
ISCOGroup,http://data.europa.eu/esco/isco/C11,11,"Directeurs généraux, cadres supérieurs et membres de l’exécutif et des corps législatifs",,
ISCOGroup,http://data.europa.eu/esco/isco/C111,111,Membres des corps législatifs et cadres supérieurs de l’administration publique,,
ISCOGroup,http://data.europa.eu/esco/isco/C1111,1111,Membres des corps législatifs,,
ISCOGroup,http://data.europa.eu/esco/isco/C1112,1112,Cadres supérieurs de l’administration publique,,
ISCOGroup,http://data.europa.eu/esco/isco/C1113,1113,Chefs traditionnels et chefs de village,,
ISCOGroup,http://data.europa.eu/esco/isco/C1114,1114,Dirigeants et cadres supérieurs d’organisations spécialisées,,
ISCOGroup,http://data.europa.eu/esco/isco/C112,112,Directeurs généraux d’entreprise,,
ISCOGroup,http://data.europa.eu/esco/isco/C1120,1120,Directeurs généraux d’entreprise,,
ISCOGroup,http://data.europa.eu/esco/isco/C12,12,Directeurs de services administratifs et commerciaux,,
ISCOGroup,http://data.europa.eu/esco/isco/C121,121,Directeurs de services administratifs,,
ISCOGroup,http://data.europa.eu/esco/isco/C1211,1211,"Directeurs et cadres de direction, services financiers",,
ISCOGroup,http://data.europa.eu/esco/isco/C1212,1212,"Directeurs et cadres de direction, ressources humaines",,
ISCOGroup,http://data.europa.eu/esco/isco/C1213,1213,"Directeurs et cadres de direction, stratégie et planifications",,
ISCOGroup,http://data.europa.eu/esco/isco/C1219,1219,Directeurs des services administratifs non classés ailleurs,,
ISCOGroup,http://data.europa.eu/esco/isco/C122,122,"Directeurs et cadres de direction, ventes, commercialisation et développement",,
ISCOGroup,http://data.europa.eu/esco/isco/C1221,1221,"Directeurs et cadres de direction, ventes et commercialisation",,
ISCOGroup,http://data.europa.eu/esco/isco/C1222,1222,"Directeurs et cadres de direction, publicité et relations publiques",,
ISCOGroup,http://data.europa.eu/esco/isco/C1223,1223,"Directeurs et cadres de direction, recherche-développement",,
ISCOGroup,http://data.europa.eu/esco/isco/C13,13,"Directeurs et cadres de direction, production et services spécialisés",,
ISCOGroup,http://data.europa.eu/esco/isco/C131,131,"Directeurs et cadres de direction, agriculture, sylviculture et pêche",,
ISCOGroup,http://data.europa.eu/esco/isco/C1311,1311,"Directeurs et cadres de direction, agriculture et sylviculture",,
ISCOGroup,http://data.europa.eu/esco/isco/C1312,1312,"Directeurs et cadres de direction, aquaculture et pêche",,
ISCOGroup,http://data.europa.eu/esco/isco/C132,132,"Directeurs et cadres de direction, industries manufacturières, mines, bâtiment et distribution",,
ISCOGroup,http://data.europa.eu/esco/isco/C1321,1321,"Directeurs et cadres de direction, industrie manufacturière",,
ISCOGroup,http://data.europa.eu/esco/isco/C1322,1322,"Directeurs et cadres de direction, mines",,
ISCOGroup,http://data.europa.eu/esco/isco/C1323,1323,"Directeurs et cadres de direction, bâtiment",,
ISCOGroup,http://data.europa.eu/esco/isco/C1324,1324,"Directeurs et cadres de direction, approvisionnement, distribution et assimilés",,
ISCOGroup,http://data.europa.eu/esco/isco/C133,133,"Directeurs et cadres de direction, technologies de l’information et des communications",,
ISCOGroup,http://data.europa.eu/esco/isco/C1330,1330,"Directeurs et cadres de direction, technologies de l’information et des communications",,
ISCOGroup,http://data.europa.eu/esco/isco/C134,134,"Cadres de direction, services spécialisés",,
ISCOGroup,http://data.europa.eu/esco/isco/C1341,1341,"Cadres de direction, garde d’enfants",,
ISCOGroup,http://data.europa.eu/esco/isco/C1342,1342,"Cadres de direction, services de santé",,
ISCOGroup,http://data.europa.eu/esco/isco/C1343,1343,"Cadres de direction, services aux personnes âgées",,
ISCOGroup,http://data.europa.eu/esco/isco/C1344,1344,"Cadres de direction, services sociaux",,
ISCOGroup,http://data.europa.eu/esco/isco/C1345,1345,"Cadres de direction, éducation",,
ISCOGroup,http://data.europa.eu/esco/isco/C1346,1346,"Directeurs et cadres de direction, succursales de banque, services financiers et assurances",,
ISCOGroup,http://data.europa.eu/esco/isco/C1349,1349,"Autres cadres de direction, services spécialisés non classés ailleurs",,
ISCOGroup,http://data.europa.eu/esco/isco/C14,14,"Directeurs et gérants de l’hôtellerie, la restauration, le commerce et autres services",,
ISCOGroup,http://data.europa.eu/esco/isco/C141,141,"Directeurs et gérants, hôtellerie et restauration",,
ISCOGroup,http://data.europa.eu/esco/isco/C1411,1411,"Directeurs et gérants, hôtellerie",,
ISCOGroup,http://data.europa.eu/esco/isco/C1412,1412,"Directeurs et gérants, restauration",,
ISCOGroup,http://data.europa.eu/esco/isco/C142,142,"Directeurs et gérants, commerce de détail et de gros",,
ISCOGroup,http://data.europa.eu/esco/isco/C1420,1420,"Directeurs et gérants, commerce de détail et de gros",,
ISCOGroup,http://data.europa.eu/esco/isco/C143,143,Autres directeurs et gérants,,
ISCOGroup,http://data.europa.eu/esco/isco/C1431,1431,"Directeurs et gérants, centres sportifs, centres de loisirs et centres culturels",,
ISCOGroup,http://data.europa.eu/esco/isco/C1439,1439,"Directeurs et gérants, services non classés ailleurs",,
ISCOGroup,http://data.europa.eu/esco/isco/C2,2,Professions intellectuelles et scientifiques,,
ISCOGroup,http://data.europa.eu/esco/isco/C21,21,Spécialistes des sciences techniques,,
ISCOGroup,http://data.europa.eu/esco/isco/C211,211,"Physiciens, chimistes et assimilés",,
ISCOGroup,http://data.europa.eu/esco/isco/C2111,2111,Physiciens et astronomes,,
ISCOGroup,http://data.europa.eu/esco/isco/C2112,2112,Météorologues,,
ISCOGroup,http://data.europa.eu/esco/isco/C2113,2113,Chimistes,,
ISCOGroup,http://data.europa.eu/esco/isco/C2114,2114,Géologues et géophysiciens,,
ISCOGroup,http://data.europa.eu/esco/isco/C212,212,"Mathématiciens, actuaires et statisticiens",,
ISCOGroup,http://data.europa.eu/esco/isco/C2120,2120,"Mathématiciens, actuaires et statisticiens",,
ISCOGroup,http://data.europa.eu/esco/isco/C213,213,Spécialistes des sciences de la vie,,
ISCOGroup,http://data.europa.eu/esco/isco/C2131,2131,"Biologistes, botanistes, zoologistes et assimilés",,
ISCOGroup,http://data.europa.eu/esco/isco/C2132,2132,Agronomes et assimilés,,
ISCOGroup,http://data.europa.eu/esco/isco/C2133,2133,Spécialistes de la protection de l’environnement,,
ISCOGroup,http://data.europa.eu/esco/isco/C214,214,"Spécialistes, sciences techniques (sauf électrotechniques)",,
ISCOGroup,http://data.europa.eu/esco/isco/C2141,2141,"Spécialistes, sciences techniques de la production et de l’industrie",,
ISCOGroup,http://data.europa.eu/esco/isco/C2142,2142,Ingénieurs civils,,
ISCOGroup,http://data.europa.eu/esco/isco/C2143,2143,Ingénieurs écologistes,,
ISCOGroup,http://data.europa.eu/esco/isco/C2144,2144,Ingénieurs mécaniciens,,
ISCOGroup,http://data.europa.eu/esco/isco/C2145,2145,Ingénieurs chimistes,,
ISCOGroup,http://data.europa.eu/esco/isco/C2146,2146,"Ingénieurs des mines, ingénieurs métallurgistes et assimilés",,
ISCOGroup,http://data.europa.eu/esco/isco/C2149,2149,"Spécialistes, sciences techniques non classés ailleurs",,
ISCOGroup,http://data.europa.eu/esco/isco/C215,215,Ingénieurs de l’électrotechnique,,
ISCOGroup,http://data.europa.eu/esco/isco/C2151,2151,Ingénieurs électriciens,,
ISCOGroup,http://data.europa.eu/esco/isco/C2152,2152,Ingénieurs électroniciens,,
ISCOGroup,http://data.europa.eu/esco/isco/C2153,2153,Spécialistes des télécommunications,,
ISCOGroup,http://data.europa.eu/esco/isco/C216,216,"Architectes, urbanistes, géomètres et concepteurs",,
ISCOGroup,http://data.europa.eu/esco/isco/C2161,2161,"Architectes, bâtiment",,
ISCOGroup,http://data.europa.eu/esco/isco/C2162,2162,Architectes paysagistes,,
ISCOGroup,http://data.europa.eu/esco/isco/C2163,2163,Concepteurs modélistes de produits et de vêtements,,
ISCOGroup,http://data.europa.eu/esco/isco/C2164,2164,Urbanistes et ingénieurs de la circulation routière,,
ISCOGroup,http://data.europa.eu/esco/isco/C2165,2165,Cartographes et géomètres,,
ISCOGroup,http://data.europa.eu/esco/isco/C2166,2166,"Concepteurs graphiques, multimédia – graphistes",,
ISCOGroup,http://data.europa.eu/esco/isco/C22,22,Spécialistes de la santé,,
ISCOGroup,http://data.europa.eu/esco/isco/C221,221,Médecins,,
ISCOGroup,http://data.europa.eu/esco/isco/C2211,2211,Médecins généralistes,,
ISCOGroup,http://data.europa.eu/esco/isco/C2212,2212,Médecins spécialistes,,
ISCOGroup,http://data.europa.eu/esco/isco/C222,222,Cadres infirmiers et sages-femmes,,
ISCOGroup,http://data.europa.eu/esco/isco/C2221,2221,Cadres infirmiers,,
ISCOGroup,http://data.europa.eu/esco/isco/C2222,2222,Sages-femmes,,
ISCOGroup,http://data.europa.eu/esco/isco/C223,223,Spécialistes des médecines traditionnelles et des médecines complémentaires,,
ISCOGroup,http://data.europa.eu/esco/isco/C2230,2230,Spécialistes des médecines traditionnelles et des médecines complémentaires,,
ISCOGroup,http://data.europa.eu/esco/isco/C224,224,Praticiens paramédicaux,,
ISCOGroup,http://data.europa.eu/esco/isco/C2240,2240,Praticiens paramédicaux,,
ISCOGroup,http://data.europa.eu/esco/isco/C225,225,Vétérinaires,,
ISCOGroup,http://data.europa.eu/esco/isco/C2250,2250,Vétérinaires,,
ISCOGroup,http://data.europa.eu/esco/isco/C226,226,Autres spécialistes des professions de la santé,,
ISCOGroup,http://data.europa.eu/esco/isco/C2261,2261,Dentistes,,
ISCOGroup,http://data.europa.eu/esco/isco/C2262,2262,Pharmaciens,,
ISCOGroup,http://data.europa.eu/esco/isco/C2263,2263,"Spécialistes de la salubrité de l’environnement, de l’hygiène et de la santé au travail",,
ISCOGroup,http://data.europa.eu/esco/isco/C2264,2264,Physiothérapeutes,,
ISCOGroup,http://data.europa.eu/esco/isco/C2265,2265,Diététiciens et spécialistes de la nutrition,,
ISCOGroup,http://data.europa.eu/esco/isco/C2266,2266,Audiologistes et orthophonistes,,
ISCOGroup,http://data.europa.eu/esco/isco/C2267,2267,Optométristes,,
ISCOGroup,http://data.europa.eu/esco/isco/C2269,2269,Spécialistes de la santé non classés ailleurs,,
ISCOGroup,http://data.europa.eu/esco/isco/C23,23,Spécialistes de l’enseignement,,
ISCOGroup,http://data.europa.eu/esco/isco/C231,231,Professeurs d’université et d’établissements d’enseignement supérieur,,
ISCOGroup,http://data.europa.eu/esco/isco/C2310,2310,Professeurs d’université et d’établissements d’enseignement supérieur,,
ISCOGroup,http://data.europa.eu/esco/isco/C232,232,"Professeurs, enseignement technique et professionnel",,
ISCOGroup,http://data.europa.eu/esco/isco/C2320,2320,"Professeurs, enseignement technique et professionnel",,
ISCOGroup,http://data.europa.eu/esco/isco/C233,233,"Professeurs, enseignement secondaire",,
ISCOGroup,http://data.europa.eu/esco/isco/C2330,2330,"Professeurs, enseignement secondaire",,
ISCOGroup,http://data.europa.eu/esco/isco/C234,234,"Instituteurs, enseignement primaire et éducateurs de la petite enfance",,
ISCOGroup,http://data.europa.eu/esco/isco/C2341,2341,"Instituteurs, enseignement primaire",,
ISCOGroup,http://data.europa.eu/esco/isco/C2342,2342,Éducateurs de la petite enfance,,
ISCOGroup,http://data.europa.eu/esco/isco/C235,235,Autres spécialistes de l’enseignement,,
ISCOGroup,http://data.europa.eu/esco/isco/C2351,2351,Spécialistes des méthodes d’enseignement,,
ISCOGroup,http://data.europa.eu/esco/isco/C2352,2352,"Enseignants, éducation spécialisée",,
ISCOGroup,http://data.europa.eu/esco/isco/C2353,2353,Autres professeurs de langues,,
ISCOGroup,http://data.europa.eu/esco/isco/C2354,2354,Autres professeurs de musique,,
ISCOGroup,http://data.europa.eu/esco/isco/C2355,2355,Autres professeurs de disciplines artistiques,,
ISCOGroup,http://data.europa.eu/esco/isco/C2356,2356,Formateurs en technologies de l’information,,
ISCOGroup,http://data.europa.eu/esco/isco/C2359,2359,"Spécialistes de l’enseignement, non classés ailleurs",,
ISCOGroup,http://data.europa.eu/esco/isco/C24,24,Spécialistes en administration d’entreprises,,
ISCOGroup,http://data.europa.eu/esco/isco/C241,241,Spécialistes en finances,,
ISCOGroup,http://data.europa.eu/esco/isco/C2411,2411,Cadres comptables,,
ISCOGroup,http://data.europa.eu/esco/isco/C2412,2412,Conseillers en finances et investissements,,
ISCOGroup,http://data.europa.eu/esco/isco/C2413,2413,Analystes financiers,,
ISCOGroup,http://data.europa.eu/esco/isco/C242,242,Spécialistes des fonctions administratives,,
ISCOGroup,http://data.europa.eu/esco/isco/C2421,2421,"Analystes, gestion et organisation",,
ISCOGroup,http://data.europa.eu/esco/isco/C2422,2422,"Spécialistes, administration et politiques",,
ISCOGroup,http://data.europa.eu/esco/isco/C2423,2423,"Spécialistes, ressources humaines et évolution de carrière",,
ISCOGroup,http://data.europa.eu/esco/isco/C2424,2424,Spécialistes de la formation du personnel,,
ISCOGroup,http://data.europa.eu/esco/isco/C243,243,"Spécialistes des ventes, de la commercialisation et des relations publiques",,
ISCOGroup,http://data.europa.eu/esco/isco/C2431,2431,Spécialistes de la publicité et de la commercialisation,,
ISCOGroup,http://data.europa.eu/esco/isco/C2432,2432,Spécialistes des relations publiques,,
ISCOGroup,http://data.europa.eu/esco/isco/C2433,2433,"Spécialistes des ventes, secteurs médical et technique (à l’exception des TIC)",,
ISCOGroup,http://data.europa.eu/esco/isco/C2434,2434,"Spécialistes des ventes, des technologies de l’information et des communications",,
ISCOGroup,http://data.europa.eu/esco/isco/C25,25,Spécialistes des technologies de l’information et des communications,,
ISCOGroup,http://data.europa.eu/esco/isco/C251,251,Concepteurs et analystes de logiciels et de multimédia,,
ISCOGroup,http://data.europa.eu/esco/isco/C2511,2511,Analystes de systèmes,,
ISCOGroup,http://data.europa.eu/esco/isco/C2512,2512,Concepteurs de logiciels,,
ISCOGroup,http://data.europa.eu/esco/isco/C2513,2513,Concepteurs de sites internet et de multimédia,,
ISCOGroup,http://data.europa.eu/esco/isco/C2514,2514,Programmeurs d’applications,,
ISCOGroup,http://data.europa.eu/esco/isco/C2519,2519,"Concepteurs et analystes de logiciels, et concepteurs de multimédia non classés ailleurs",,
ISCOGroup,http://data.europa.eu/esco/isco/C252,252,Spécialistes des bases de données et des réseaux d’ordinateurs,,
ISCOGroup,http://data.europa.eu/esco/isco/C2521,2521,Spécialistes des bases de données,,
ISCOGroup,http://data.europa.eu/esco/isco/C2522,2522,Administrateurs de systèmes,,
ISCOGroup,http://data.europa.eu/esco/isco/C2523,2523,Spécialistes des réseaux d’ordinateurs,,
ISCOGroup,http://data.europa.eu/esco/isco/C2529,2529,Spécialistes des bases de données et des réseaux d’ordinateurs non classés ailleurs,,
ISCOGroup,http://data.europa.eu/esco/isco/C26,26,"Spécialistes de la justice, des sciences sociales et de la culture",,
ISCOGroup,http://data.europa.eu/esco/isco/C261,261,Juristes,,
ISCOGroup,http://data.europa.eu/esco/isco/C2611,2611,Avocats,,
ISCOGroup,http://data.europa.eu/esco/isco/C2612,2612,Magistrats,,
ISCOGroup,http://data.europa.eu/esco/isco/C2619,2619,Juristes non classés ailleurs,,
ISCOGroup,http://data.europa.eu/esco/isco/C262,262,"Archivistes, bibliothécaires, documentalistes et assimilés",,
ISCOGroup,http://data.europa.eu/esco/isco/C2621,2621,Archivistes paléographes et conservateurs de musée,,
ISCOGroup,http://data.europa.eu/esco/isco/C2622,2622,"Bibliothécaires, documentalistes et professions assimilées",,
ISCOGroup,http://data.europa.eu/esco/isco/C263,263,Spécialistes des sciences sociales et du clergé,,
ISCOGroup,http://data.europa.eu/esco/isco/C2631,2631,Économistes,,
ISCOGroup,http://data.europa.eu/esco/isco/C2632,2632,"Sociologues, anthropologues et assimilés",,
ISCOGroup,http://data.europa.eu/esco/isco/C2633,2633,"Philosophes, historiens et spécialistes des sciences politiques",,
ISCOGroup,http://data.europa.eu/esco/isco/C2634,2634,Psychologues,,
ISCOGroup,http://data.europa.eu/esco/isco/C2635,2635,Spécialistes du travail social,,
ISCOGroup,http://data.europa.eu/esco/isco/C2636,2636,Ministres des cultes,,
ISCOGroup,http://data.europa.eu/esco/isco/C264,264,"Auteurs, journalistes et linguistes",,
ISCOGroup,http://data.europa.eu/esco/isco/C2641,2641,Auteurs et autres écrivains,,
ISCOGroup,http://data.europa.eu/esco/isco/C2642,2642,Journalistes,,
ISCOGroup,http://data.europa.eu/esco/isco/C2643,2643,"Traducteurs, interprètes et linguistes",,
ISCOGroup,http://data.europa.eu/esco/isco/C265,265,Artistes créateurs et exécutants,,
ISCOGroup,http://data.europa.eu/esco/isco/C2651,2651,Artistes plasticiens,,
ISCOGroup,http://data.europa.eu/esco/isco/C2652,2652,"Compositeurs, musiciens et chanteurs",,
ISCOGroup,http://data.europa.eu/esco/isco/C2653,2653,Danseurs et chorégraphes,,
ISCOGroup,http://data.europa.eu/esco/isco/C2654,2654,"Metteurs en scène de cinéma, de théâtre et d’autres spectacles",,
ISCOGroup,http://data.europa.eu/esco/isco/C2655,2655,Acteurs,,
ISCOGroup,http://data.europa.eu/esco/isco/C2656,2656,"Annonceurs-présentateurs de radio, de télévision et autres médias",,
ISCOGroup,http://data.europa.eu/esco/isco/C2659,2659,Artistes créateurs et exécutants non classés ailleurs,,
ISCOGroup,http://data.europa.eu/esco/isco/C3,3,Professions intermédiaires,,
ISCOGroup,http://data.europa.eu/esco/isco/C31,31,Professions intermédiaires des sciences et techniques,,
ISCOGroup,http://data.europa.eu/esco/isco/C311,311,Techniciens des sciences physiques et techniques,,
ISCOGroup,http://data.europa.eu/esco/isco/C3111,3111,Techniciens des sciences chimiques et physiques,,
ISCOGroup,http://data.europa.eu/esco/isco/C3112,3112,Techniciens du génie civil,,
ISCOGroup,http://data.europa.eu/esco/isco/C3113,3113,Techniciens en électricité,,
ISCOGroup,http://data.europa.eu/esco/isco/C3114,3114,Techniciens en électronique,,
ISCOGroup,http://data.europa.eu/esco/isco/C3115,3115,Techniciens en construction mécanique,,
ISCOGroup,http://data.europa.eu/esco/isco/C3116,3116,Techniciens en chimie industrielle,,
ISCOGroup,http://data.europa.eu/esco/isco/C3117,3117,"Techniciens des mines, techniciens métallurgistes",,
ISCOGroup,http://data.europa.eu/esco/isco/C3118,3118,Dessinateurs industriels,,
ISCOGroup,http://data.europa.eu/esco/isco/C3119,3119,Techniciens des sciences physiques et techniques non classés ailleurs,,
ISCOGroup,http://data.europa.eu/esco/isco/C312,312,"Superviseurs, mines, industries manufacturières et bâtiment",,
ISCOGroup,http://data.europa.eu/esco/isco/C3121,3121,"Superviseurs, mines",,
ISCOGroup,http://data.europa.eu/esco/isco/C3122,3122,"Superviseurs, industries manufacturières",,
ISCOGroup,http://data.europa.eu/esco/isco/C3123,3123,"Superviseurs, bâtiment",,
ISCOGroup,http://data.europa.eu/esco/isco/C313,313,"Techniciens, contrôle de processus industriels",,
ISCOGroup,http://data.europa.eu/esco/isco/C3131,3131,Conducteurs d’installations de production d’énergie,,
ISCOGroup,http://data.europa.eu/esco/isco/C3132,3132,Conducteurs d’incinérateurs et d’installations de traitement de l’eau,,
ISCOGroup,http://data.europa.eu/esco/isco/C3133,3133,Conducteurs d’installations de traitement chimique,,
ISCOGroup,http://data.europa.eu/esco/isco/C3134,3134,Conducteurs d’installations de raffinage de pétrole et de gaz naturel,,
ISCOGroup,http://data.europa.eu/esco/isco/C3135,3135,"Contrôleurs des processus industriels, métallurgie",,
ISCOGroup,http://data.europa.eu/esco/isco/C3139,3139,"Techniciens, contrôle de processus industriels non classés ailleurs",,
ISCOGroup,http://data.europa.eu/esco/isco/C314,314,Techniciens et travailleurs assimilés des sciences de la vie,,
ISCOGroup,http://data.europa.eu/esco/isco/C3141,3141,Techniciens des sciences de la vie (à l’exception de la médecine),,
ISCOGroup,http://data.europa.eu/esco/isco/C3142,3142,"Techniciens, agriculture et élevage",,
ISCOGroup,http://data.europa.eu/esco/isco/C3143,3143,"Techniciens, sylviculture",,
ISCOGroup,http://data.europa.eu/esco/isco/C315,315,Contrôleurs et techniciens des moyens de transport maritime et aérien,,
ISCOGroup,http://data.europa.eu/esco/isco/C3151,3151,Officiers mécaniciens de navires,,
ISCOGroup,http://data.europa.eu/esco/isco/C3152,3152,Officiers de pont et pilotes,,
ISCOGroup,http://data.europa.eu/esco/isco/C3153,3153,Pilotes d’avions et assimilés,,
ISCOGroup,http://data.europa.eu/esco/isco/C3154,3154,Contrôleurs de la circulation aérienne,,
ISCOGroup,http://data.europa.eu/esco/isco/C3155,3155,Techniciens de la sécurité aérienne,,
ISCOGroup,http://data.europa.eu/esco/isco/C32,32,Professions intermédiaires de la santé,,
ISCOGroup,http://data.europa.eu/esco/isco/C321,321,Techniciens de la médecine et de la pharmacie,,
ISCOGroup,http://data.europa.eu/esco/isco/C3211,3211,Techniciens d’appareils électromédicaux,,
ISCOGroup,http://data.europa.eu/esco/isco/C3212,3212,Techniciens de laboratoire médical,,
ISCOGroup,http://data.europa.eu/esco/isco/C3213,3213,Techniciens et assistants pharmaciens et préparateurs en pharmacie,,
ISCOGroup,http://data.europa.eu/esco/isco/C3214,3214,Techniciens de prothèses médicales et dentaires,,
ISCOGroup,http://data.europa.eu/esco/isco/C322,322,Personnel infirmier et sages femmes (niveau intermédiaire),,
ISCOGroup,http://data.europa.eu/esco/isco/C3221,3221,Personnel infirmier (niveau intermédiaire),,
ISCOGroup,http://data.europa.eu/esco/isco/C3222,3222,Sages-femmes (niveau intermédiaire),,
ISCOGroup,http://data.europa.eu/esco/isco/C323,323,Praticiens des médecines traditionnelles et des médecines complémentaires,,
ISCOGroup,http://data.europa.eu/esco/isco/C3230,3230,Praticiens des médecines traditionnelles et des médecines complémentaires,,
ISCOGroup,http://data.europa.eu/esco/isco/C324,324,Techniciens et assistants vétérinaires,,
ISCOGroup,http://data.europa.eu/esco/isco/C3240,3240,Techniciens et assistants vétérinaires,,
ISCOGroup,http://data.europa.eu/esco/isco/C325,325,Autres professions intermédiaires de la santé,,
ISCOGroup,http://data.europa.eu/esco/isco/C3251,3251,Assistants et thérapeutes en médecine dentaire,,
ISCOGroup,http://data.europa.eu/esco/isco/C3252,3252,Techniciens de dossiers médicaux,,
ISCOGroup,http://data.europa.eu/esco/isco/C3253,3253,Agents de santé communautaire,,
ISCOGroup,http://data.europa.eu/esco/isco/C3254,3254,Opticiens,,
ISCOGroup,http://data.europa.eu/esco/isco/C3255,3255,Techniciens et assistants en physiothérapie,,
ISCOGroup,http://data.europa.eu/esco/isco/C3256,3256,Assistants médicaux,,
ISCOGroup,http://data.europa.eu/esco/isco/C3257,3257,"Inspecteurs, salubrité de l’environnement et de la santé au travail, et assimilés",,
ISCOGroup,http://data.europa.eu/esco/isco/C3258,3258,Ambulanciers,,
ISCOGroup,http://data.europa.eu/esco/isco/C3259,3259,Professions intermédiaires de la santé non classées ailleurs,,
ISCOGroup,http://data.europa.eu/esco/isco/C33,33,"Professions intermédiaires, finance et administration",,
ISCOGroup,http://data.europa.eu/esco/isco/C331,331,Professions intermédiaires de la finance et des mathématiques,,
ISCOGroup,http://data.europa.eu/esco/isco/C3311,3311,Courtiers en valeurs et cambistes,,
ISCOGroup,http://data.europa.eu/esco/isco/C3312,3312,Responsables des prêts,,
ISCOGroup,http://data.europa.eu/esco/isco/C3313,3313,Professions intermédiaires de la comptabilité,,
ISCOGroup,http://data.europa.eu/esco/isco/C3314,3314,"Professions intermédiaires de la statistique, des mathématiques et assimilées",,
ISCOGroup,http://data.europa.eu/esco/isco/C3315,3315,Commissaires-priseurs et autres experts en évaluation,,
ISCOGroup,http://data.europa.eu/esco/isco/C332,332,"Agents de vente et d’achat, courtiers",,
ISCOGroup,http://data.europa.eu/esco/isco/C3321,3321,Agents d’assurances,,
ISCOGroup,http://data.europa.eu/esco/isco/C3322,3322,Représentants et techniciens commerciaux,,
ISCOGroup,http://data.europa.eu/esco/isco/C3323,3323,Acheteurs,,
ISCOGroup,http://data.europa.eu/esco/isco/C3324,3324,Courtiers en marchandises,,
ISCOGroup,http://data.europa.eu/esco/isco/C333,333,Agents de services commerciaux,,
ISCOGroup,http://data.europa.eu/esco/isco/C3331,3331,Agents concessionnaires,,
ISCOGroup,http://data.europa.eu/esco/isco/C3332,3332,Organisateurs de conférences et d’événements,,
ISCOGroup,http://data.europa.eu/esco/isco/C3333,3333,Agents d’emploi et de recrutement de main-d’œuvre,,
ISCOGroup,http://data.europa.eu/esco/isco/C3334,3334,Agents immobiliers,,
ISCOGroup,http://data.europa.eu/esco/isco/C3339,3339,Agents de services commerciaux non classés ailleurs,,
ISCOGroup,http://data.europa.eu/esco/isco/C334,334,Secrétaires d’administration et secrétaires spécialisés,,
ISCOGroup,http://data.europa.eu/esco/isco/C3341,3341,"Superviseurs, travail de bureau",,
ISCOGroup,http://data.europa.eu/esco/isco/C3342,3342,"Secrétaires, services juridiques",,
ISCOGroup,http://data.europa.eu/esco/isco/C3343,3343,Secrétaires d’administration et secrétaires exécutifs,,
ISCOGroup,http://data.europa.eu/esco/isco/C3344,3344,Secrétaires médicales/médicaux,,
ISCOGroup,http://data.europa.eu/esco/isco/C335,335,Professions intermédiaires de l’application de la loi et assimilées,,
ISCOGroup,http://data.europa.eu/esco/isco/C3351,3351,Inspecteurs des douanes et des frontières,,
ISCOGroup,http://data.europa.eu/esco/isco/C3352,3352,Contrôleurs des impôts,,
ISCOGroup,http://data.europa.eu/esco/isco/C3353,3353,Agents des services publics accordant des prestations sociales,,
ISCOGroup,http://data.europa.eu/esco/isco/C3354,3354,Agents des services publics accordant des permis et des licences,,
ISCOGroup,http://data.europa.eu/esco/isco/C3355,3355,Inspecteurs et enquêteurs de police,,
ISCOGroup,http://data.europa.eu/esco/isco/C3359,3359,Professions intermédiaires de l’application de la loi et assimilées non classées ailleurs,,
ISCOGroup,http://data.europa.eu/esco/isco/C34,34,"Professions intermédiaires des services juridiques, des services sociaux et assimilés",,
ISCOGroup,http://data.europa.eu/esco/isco/C341,341,"Professions intermédiaires des services juridiques, des services sociaux et des religions",,
ISCOGroup,http://data.europa.eu/esco/isco/C3411,3411,Professions juridiques intermédiaires et assimilées,,
ISCOGroup,http://data.europa.eu/esco/isco/C3412,3412,Professions intermédiaires du travail social,,
ISCOGroup,http://data.europa.eu/esco/isco/C3413,3413,Professions intermédiaires des religions,,
ISCOGroup,http://data.europa.eu/esco/isco/C342,342,Travailleurs du secteur des sports et des activités de remise en forme,,
ISCOGroup,http://data.europa.eu/esco/isco/C3421,3421,Athlètes et sportifs de compétition,,
ISCOGroup,http://data.europa.eu/esco/isco/C3422,3422,Entraîneurs sportifs et arbitres de sport,,
ISCOGroup,http://data.europa.eu/esco/isco/C3423,3423,"Instructeurs et animateurs de programmes, loisirs et activités de remise en forme",,
ISCOGroup,http://data.europa.eu/esco/isco/C343,343,"Professions intermédiaires de la culture, de la création artistique et des activités culinaires",,
ISCOGroup,http://data.europa.eu/esco/isco/C3431,3431,Photographes,,
ISCOGroup,http://data.europa.eu/esco/isco/C3432,3432,Décorateurs et designers d’intérieurs,,
ISCOGroup,http://data.europa.eu/esco/isco/C3433,3433,"Techniciens de galeries d’art, de musées et de bibliothèques",,
ISCOGroup,http://data.europa.eu/esco/isco/C3434,3434,Chefs cuisiniers,,
ISCOGroup,http://data.europa.eu/esco/isco/C3435,3435,Autres professions intermédiaires de la culture et de la création artistique,,
ISCOGroup,http://data.europa.eu/esco/isco/C35,35,Techniciens de l’information et des communications,,
ISCOGroup,http://data.europa.eu/esco/isco/C351,351,"Techniciens, opérations et soutien aux utilisateurs des technologies de l’information et des communications",,
ISCOGroup,http://data.europa.eu/esco/isco/C3511,3511,"Techniciens des technologies de l’information et des communications, opérations",,
ISCOGroup,http://data.europa.eu/esco/isco/C3512,3512,"Techniciens des technologies de l’information et des communications, soutien aux utilisateurs",,
ISCOGroup,http://data.europa.eu/esco/isco/C3513,3513,"Techniciens, réseaux et systèmes d’ordinateurs",,
ISCOGroup,http://data.europa.eu/esco/isco/C3514,3514,Techniciens de l’internet,,
ISCOGroup,http://data.europa.eu/esco/isco/C352,352,Techniciens des télécommunications et de la radiodiffusion,,
ISCOGroup,http://data.europa.eu/esco/isco/C3521,3521,Techniciens de radiotélévision et d’enregistrement audiovisuel,,
ISCOGroup,http://data.europa.eu/esco/isco/C3522,3522,Techniciens de télécommunications,,
ISCOGroup,http://data.europa.eu/esco/isco/C4,4,Employés de type administratif,,
ISCOGroup,http://data.europa.eu/esco/isco/C41,41,Employés de bureau,,
ISCOGroup,http://data.europa.eu/esco/isco/C411,411,"Employés de bureau, fonctions générales",,
ISCOGroup,http://data.europa.eu/esco/isco/C4110,4110,"Employés de bureau, fonctions générales",,
ISCOGroup,http://data.europa.eu/esco/isco/C412,412,Secrétaires (fonctions générales),,
ISCOGroup,http://data.europa.eu/esco/isco/C4120,4120,Secrétaires (fonctions générales),,
ISCOGroup,http://data.europa.eu/esco/isco/C413,413,Opérateurs sur clavier,,
ISCOGroup,http://data.europa.eu/esco/isco/C4131,4131,Dactylographes et opérateurs de traitement de texte,,
ISCOGroup,http://data.europa.eu/esco/isco/C4132,4132,Opérateurs sur clavier numérique,,
ISCOGroup,http://data.europa.eu/esco/isco/C42,42,"Employés de réception, guichetiers et assimilés",,
ISCOGroup,http://data.europa.eu/esco/isco/C421,421,"Guichetiers, encaisseurs et assimilés",,
ISCOGroup,http://data.europa.eu/esco/isco/C4211,4211,Guichetiers de banque et assimilés,,
ISCOGroup,http://data.europa.eu/esco/isco/C4212,4212,Croupiers et assimilés dans le secteur des jeux de hasard,,
ISCOGroup,http://data.europa.eu/esco/isco/C4213,4213,Prêteurs sur gages et bailleurs de fonds,,
ISCOGroup,http://data.europa.eu/esco/isco/C4214,4214,Encaisseurs et assimilés,,
ISCOGroup,http://data.europa.eu/esco/isco/C422,422,Employés chargés d’informer la clientèle,,
ISCOGroup,http://data.europa.eu/esco/isco/C4221,4221,Consultants et employés d’agence de voyages,,
ISCOGroup,http://data.europa.eu/esco/isco/C4222,4222,Employés de centre d'appel,,
ISCOGroup,http://data.europa.eu/esco/isco/C4223,4223,Téléphonistes-standardistes,,
ISCOGroup,http://data.europa.eu/esco/isco/C4224,4224,"Réceptionnistes, hôtellerie",,
ISCOGroup,http://data.europa.eu/esco/isco/C4225,4225,"Employés, service d’information",,
ISCOGroup,http://data.europa.eu/esco/isco/C4226,4226,Réceptionnistes (fonctions générales),,
ISCOGroup,http://data.europa.eu/esco/isco/C4227,4227,"Intervieweurs, enquêtes et études de marché",,
ISCOGroup,http://data.europa.eu/esco/isco/C4229,4229,Employés chargés d’informer la clientèle non classés ailleurs,,
ISCOGroup,http://data.europa.eu/esco/isco/C43,43,Employés des services comptables et d’approvisionnement,,
ISCOGroup,http://data.europa.eu/esco/isco/C431,431,Employés des services comptables et financiers,,
ISCOGroup,http://data.europa.eu/esco/isco/C4311,4311,Aides comptables et teneurs de livres,,
ISCOGroup,http://data.europa.eu/esco/isco/C4312,4312,Employés de services statistiques ou financiers,,
ISCOGroup,http://data.europa.eu/esco/isco/C4313,4313,"Commis, service de paie",,
ISCOGroup,http://data.europa.eu/esco/isco/C432,432,"Employés d’approvisionnement, d’ordonnancement et des transports",,
ISCOGroup,http://data.europa.eu/esco/isco/C4321,4321,Employés du service des stocks,,
ISCOGroup,http://data.europa.eu/esco/isco/C4322,4322,Employés du service d’ordonnancement de la production,,
ISCOGroup,http://data.europa.eu/esco/isco/C4323,4323,Employés du service des transports,,
ISCOGroup,http://data.europa.eu/esco/isco/C44,44,Autres employés de type administratif,,
ISCOGroup,http://data.europa.eu/esco/isco/C441,441,Autres employés de type administratif,,
ISCOGroup,http://data.europa.eu/esco/isco/C4411,4411,Employés de bibliothèque,,
ISCOGroup,http://data.europa.eu/esco/isco/C4412,4412,Employés de service du courrier,,
ISCOGroup,http://data.europa.eu/esco/isco/C4413,4413,"Codeurs, correcteurs d’épreuves et assimilés",,
ISCOGroup,http://data.europa.eu/esco/isco/C4414,4414,Écrivains publics et assimilés,,
ISCOGroup,http://data.europa.eu/esco/isco/C4415,4415,Classeurs-archivistes,,
ISCOGroup,http://data.europa.eu/esco/isco/C4416,4416,"Employés, service du personnel",,
ISCOGroup,http://data.europa.eu/esco/isco/C4419,4419,Employés administratifs non classés ailleurs,,
ISCOGroup,http://data.europa.eu/esco/isco/C5,5,"Personnel des services directs aux particuliers, commerçants et vendeurs",,
ISCOGroup,http://data.europa.eu/esco/isco/C51,51,Personnel des services directs aux particuliers,,
ISCOGroup,http://data.europa.eu/esco/isco/C511,511,Agents d’accompagnement et assimilés (transports et tourisme),,
ISCOGroup,http://data.europa.eu/esco/isco/C5111,5111,Agents d’accueil et stewards,,
ISCOGroup,http://data.europa.eu/esco/isco/C5112,5112,Contrôleurs et receveurs de transports publics,,
ISCOGroup,http://data.europa.eu/esco/isco/C5113,5113,Guides,,
ISCOGroup,http://data.europa.eu/esco/isco/C512,512,Cuisiniers,,
ISCOGroup,http://data.europa.eu/esco/isco/C5120,5120,Cuisiniers,,
ISCOGroup,http://data.europa.eu/esco/isco/C513,513,Serveurs et barmen,,
ISCOGroup,http://data.europa.eu/esco/isco/C5131,5131,Serveurs,,
ISCOGroup,http://data.europa.eu/esco/isco/C5132,5132,Barmen,,
ISCOGroup,http://data.europa.eu/esco/isco/C514,514,"Coiffeurs, esthéticiens et assimilés",,
ISCOGroup,http://data.europa.eu/esco/isco/C5141,5141,Coiffeurs,,
ISCOGroup,http://data.europa.eu/esco/isco/C5142,5142,Esthéticiens et assimilés,,
ISCOGroup,http://data.europa.eu/esco/isco/C515,515,"Intendants, gouvernantes et concierges",,
ISCOGroup,http://data.europa.eu/esco/isco/C5151,5151,"Intendants et superviseurs des services de nettoyage de bureaux, des hôtels et d’autres établissements",,
ISCOGroup,http://data.europa.eu/esco/isco/C5152,5152,Gouvernantes et intendants à domicile,,
ISCOGroup,http://data.europa.eu/esco/isco/C5153,5153,Concierges,,
ISCOGroup,http://data.europa.eu/esco/isco/C516,516,Autre personnel des services directs aux particuliers,,
ISCOGroup,http://data.europa.eu/esco/isco/C5161,5161,"Astrologues, diseurs de bonne aventure et assimilés",,
ISCOGroup,http://data.europa.eu/esco/isco/C5162,5162,Personnel de compagnie et valets de chambre,,
ISCOGroup,http://data.europa.eu/esco/isco/C5163,5163,Agents de pompes funèbres et embaumeurs,,
ISCOGroup,http://data.europa.eu/esco/isco/C5164,5164,Toiletteurs et gardiens d’animaux,,
ISCOGroup,http://data.europa.eu/esco/isco/C5165,5165,Moniteurs d’auto-école,,
ISCOGroup,http://data.europa.eu/esco/isco/C5169,5169,"Personnel des services directs aux particuliers, non classé ailleurs",,
ISCOGroup,http://data.europa.eu/esco/isco/C52,52,Commerçants et vendeurs,,
ISCOGroup,http://data.europa.eu/esco/isco/C521,521,Vendeurs sur les marchés et vendeurs ambulants de comestibles,,
ISCOGroup,http://data.europa.eu/esco/isco/C5211,5211,Vendeurs à l’étal et sur les marchés,,
ISCOGroup,http://data.europa.eu/esco/isco/C5212,5212,Vendeurs ambulants de comestibles,,
ISCOGroup,http://data.europa.eu/esco/isco/C522,522,"Commerçants et vendeurs, magasins",,
ISCOGroup,http://data.europa.eu/esco/isco/C5221,5221,"Commerçants, magasins",,
ISCOGroup,http://data.europa.eu/esco/isco/C5222,5222,"Superviseurs, magasins",,
ISCOGroup,http://data.europa.eu/esco/isco/C5223,5223,"Vendeurs, magasin",,
ISCOGroup,http://data.europa.eu/esco/isco/C523,523,Caissiers et billettistes,,
ISCOGroup,http://data.europa.eu/esco/isco/C5230,5230,Caissiers et billettistes,,
ISCOGroup,http://data.europa.eu/esco/isco/C524,524,Autres vendeurs,,
ISCOGroup,http://data.europa.eu/esco/isco/C5241,5241,Mannequins et autres modèles,,
ISCOGroup,http://data.europa.eu/esco/isco/C5242,5242,Démonstrateurs en magasin,,
ISCOGroup,http://data.europa.eu/esco/isco/C5243,5243,Vendeurs au porte-à-porte,,
ISCOGroup,http://data.europa.eu/esco/isco/C5244,5244,Télévendeurs,,
ISCOGroup,http://data.europa.eu/esco/isco/C5245,5245,Pompistes,,
ISCOGroup,http://data.europa.eu/esco/isco/C5246,5246,"Commis au comptoir, restauration rapide",,
ISCOGroup,http://data.europa.eu/esco/isco/C5249,5249,Vendeurs non classés ailleurs,,
ISCOGroup,http://data.europa.eu/esco/isco/C53,53,Personnel soignant,,
ISCOGroup,http://data.europa.eu/esco/isco/C531,531,Gardes d'enfants et aides-enseignants,,
ISCOGroup,http://data.europa.eu/esco/isco/C5311,5311,Gardes d’enfants,,
ISCOGroup,http://data.europa.eu/esco/isco/C5312,5312,Aides-enseignants,,
ISCOGroup,http://data.europa.eu/esco/isco/C532,532,Aides-soignants,,
ISCOGroup,http://data.europa.eu/esco/isco/C5321,5321,Aides-soignants en institution,,
ISCOGroup,http://data.europa.eu/esco/isco/C5322,5322,Aides-soignants à domicile,,
ISCOGroup,http://data.europa.eu/esco/isco/C5329,5329,"Personnel soignant et assimilé, non classé ailleurs",,
ISCOGroup,http://data.europa.eu/esco/isco/C54,54,Personnel des services de protection et de sécurité,,
ISCOGroup,http://data.europa.eu/esco/isco/C541,541,Personnel des services de protection et de sécurité,,
ISCOGroup,http://data.europa.eu/esco/isco/C5411,5411,Pompiers,,
ISCOGroup,http://data.europa.eu/esco/isco/C5412,5412,Agents de police,,
ISCOGroup,http://data.europa.eu/esco/isco/C5413,5413,Gardiens de prison,,
ISCOGroup,http://data.europa.eu/esco/isco/C5414,5414,Agents de sécurité,,
ISCOGroup,http://data.europa.eu/esco/isco/C5419,5419,"Personnel des services de protection et de sécurité, non classé ailleurs",,
ISCOGroup,http://data.europa.eu/esco/isco/C6,6,"Agriculteurs et ouvriers qualifiés de l’agriculture, de la sylviculture et de la pêche",,
ISCOGroup,http://data.europa.eu/esco/isco/C61,61,Agriculteurs et ouvriers qualifiés de l’agriculture commerciale,,
ISCOGroup,http://data.europa.eu/esco/isco/C611,611,"Agriculteurs et ouvriers qualifiés, cultures commerciales",,
ISCOGroup,http://data.europa.eu/esco/isco/C6111,6111,"Agriculteurs et ouvriers qualifiés, cultures de plein champ",,
ISCOGroup,http://data.europa.eu/esco/isco/C6112,6112,Arboriculteurs et ouvriers qualifiés de l’arboriculture,,
ISCOGroup,http://data.europa.eu/esco/isco/C6113,6113,Agriculteurs et ouvriers qualifiés de l’horticulture et des pépinières,,
ISCOGroup,http://data.europa.eu/esco/isco/C6114,6114,"Agriculteurs et ouvriers qualifiés, cultures diversifiées",,
ISCOGroup,http://data.europa.eu/esco/isco/C612,612,Éleveurs et ouvriers qualifiés de l’élevage commercial et assimilés,,
ISCOGroup,http://data.europa.eu/esco/isco/C6121,6121,Éleveurs et ouvriers qualifiés de l’élevage de bétail,,
ISCOGroup,http://data.europa.eu/esco/isco/C6122,6122,Aviculteurs et ouvriers qualifiés de l’aviculture,,
ISCOGroup,http://data.europa.eu/esco/isco/C6123,6123,"Apiculteurs, sériciculteurs et ouvriers qualifiés de l’apiculture et de la sériciculture",,
ISCOGroup,http://data.europa.eu/esco/isco/C6129,6129,"Éleveurs et ouvriers qualifiés de l’élevage commercial et assimilés, non classés ailleurs",,
ISCOGroup,http://data.europa.eu/esco/isco/C613,613,Agriculteurs et ouvriers qualifiés des cultures et de l’élevage à but commercial,,
ISCOGroup,http://data.europa.eu/esco/isco/C6130,6130,Agriculteurs et ouvriers qualifiés des cultures et de l’élevage à but commercial,,
ISCOGroup,http://data.europa.eu/esco/isco/C62,62,"Professions commerciales qualifiées de la sylviculture, de la pêche et de la chasse",,
ISCOGroup,http://data.europa.eu/esco/isco/C621,621,Professions de la sylviculture et assimilées,,
ISCOGroup,http://data.europa.eu/esco/isco/C6210,6210,Exploitants et ouvriers forestiers,,
ISCOGroup,http://data.europa.eu/esco/isco/C622,622,"Pêcheurs, chasseurs et trappeurs",,
ISCOGroup,http://data.europa.eu/esco/isco/C6221,6221,Aquaculteurs et ouvriers de l’aquaculture,,
ISCOGroup,http://data.europa.eu/esco/isco/C6222,6222,Pêcheurs de la pêche côtière et en eaux intérieures,,
ISCOGroup,http://data.europa.eu/esco/isco/C6223,6223,Pêcheurs de la pêche en haute mer,,
ISCOGroup,http://data.europa.eu/esco/isco/C6224,6224,Chasseurs et trappeurs,,
ISCOGroup,http://data.europa.eu/esco/isco/C63,63,"Agriculteurs, pêcheurs, chasseurs et cueilleurs de subsistance",,
ISCOGroup,http://data.europa.eu/esco/isco/C631,631,"Agriculteurs, subsistance",,
ISCOGroup,http://data.europa.eu/esco/isco/C6310,6310,"Agriculteurs, subsistance",,
ISCOGroup,http://data.europa.eu/esco/isco/C632,632,"Éleveurs de bétail, subsistance",,
ISCOGroup,http://data.europa.eu/esco/isco/C6320,6320,"Éleveurs de bétail, subsistance",,
ISCOGroup,http://data.europa.eu/esco/isco/C633,633,"Agriculteurs et éleveurs, subsistance",,
ISCOGroup,http://data.europa.eu/esco/isco/C6330,6330,"Agriculteurs et éleveurs, subsistance",,
ISCOGroup,http://data.europa.eu/esco/isco/C634,634,"Pêcheurs, chasseurs, trappeurs et cueilleurs, subsistance",,
ISCOGroup,http://data.europa.eu/esco/isco/C6340,6340,"Pêcheurs, chasseurs, trappeurs et cueilleurs, subsistance",,
ISCOGroup,http://data.europa.eu/esco/isco/C7,7,Métiers qualifiés de l’industrie et de l’artisanat,,
ISCOGroup,http://data.europa.eu/esco/isco/C71,71,"Métiers qualifiés du bâtiment et assimilés, sauf électriciens",,
ISCOGroup,http://data.europa.eu/esco/isco/C711,711,Métiers qualifiés du bâtiment (gros œuvre) et assimilés,,
ISCOGroup,http://data.europa.eu/esco/isco/C7111,7111,Constructeurs de maisons,,
ISCOGroup,http://data.europa.eu/esco/isco/C7112,7112,Maçons,,
ISCOGroup,http://data.europa.eu/esco/isco/C7113,7113,Fendeurs et tailleurs de pierre,,
ISCOGroup,http://data.europa.eu/esco/isco/C7114,7114,"Constructeurs en béton armé, maçons ragréeurs et assimilés",,
ISCOGroup,http://data.europa.eu/esco/isco/C7115,7115,Charpentiers en bois et menuisiers du bâtiment,,
ISCOGroup,http://data.europa.eu/esco/isco/C7119,7119,Métiers qualifiés du bâtiment (gros œuvre) et assimilés non classés ailleurs,,
ISCOGroup,http://data.europa.eu/esco/isco/C712,712,Métiers qualifiés du bâtiment (finitions) et assimilés,,
ISCOGroup,http://data.europa.eu/esco/isco/C7121,7121,Couvreurs et zingueurs,,
ISCOGroup,http://data.europa.eu/esco/isco/C7122,7122,Poseurs de revêtements de sol et carreleurs,,
ISCOGroup,http://data.europa.eu/esco/isco/C7123,7123,Plâtriers,,
ISCOGroup,http://data.europa.eu/esco/isco/C7124,7124,Monteurs en isolation thermique et acoustique,,
ISCOGroup,http://data.europa.eu/esco/isco/C7125,7125,Vitriers,,
ISCOGroup,http://data.europa.eu/esco/isco/C7126,7126,Plombiers et tuyauteurs,,
ISCOGroup,http://data.europa.eu/esco/isco/C7127,7127,Mécaniciens-installateurs réfrigération et climatisation,,
ISCOGroup,http://data.europa.eu/esco/isco/C713,713,"Ouvriers peintres, ravaleurs de façades et assimilés",,
ISCOGroup,http://data.europa.eu/esco/isco/C7131,7131,Peintres en bâtiment et poseurs de papiers peints,,
ISCOGroup,http://data.europa.eu/esco/isco/C7132,7132,"Laqueurs, vernisseurs et assimilés",,
ISCOGroup,http://data.europa.eu/esco/isco/C7133,7133,Ravaleurs de façades et ramoneurs,,
ISCOGroup,http://data.europa.eu/esco/isco/C72,72,"Métiers qualifiés de la métallurgie, de la construction mécanique et assimilés",,
ISCOGroup,http://data.europa.eu/esco/isco/C721,721,"Mouleurs de fonderie, soudeurs, tôliers-chaudronniers, monteurs de charpentes métalliques et assimilés",,
ISCOGroup,http://data.europa.eu/esco/isco/C7211,7211,Mouleurs et noyauteurs de fonderie,,
ISCOGroup,http://data.europa.eu/esco/isco/C7212,7212,Soudeurs et oxycoupeurs,,
ISCOGroup,http://data.europa.eu/esco/isco/C7213,7213,Tôliers-chaudronniers,,
ISCOGroup,http://data.europa.eu/esco/isco/C7214,7214,Charpentiers métalliers et monteurs de charpentes métalliques,,
ISCOGroup,http://data.europa.eu/esco/isco/C7215,7215,Gréeurs et épisseurs de câbles,,
ISCOGroup,http://data.europa.eu/esco/isco/C722,722,"Forgerons, outilleurs et assimilés",,
ISCOGroup,http://data.europa.eu/esco/isco/C7221,7221,"Forgerons, estampeurs et conducteurs de presses à forger",,
ISCOGroup,http://data.europa.eu/esco/isco/C7222,7222,Outilleurs et assimilés,,
ISCOGroup,http://data.europa.eu/esco/isco/C7223,7223,Régleurs et conducteurs de machines-outils,,
ISCOGroup,http://data.europa.eu/esco/isco/C7224,7224,"Meuleurs, polisseurs et affûteurs",,
ISCOGroup,http://data.europa.eu/esco/isco/C723,723,Mécaniciens et réparateurs de machines,,
ISCOGroup,http://data.europa.eu/esco/isco/C7231,7231,Mécaniciens et réparateurs de véhicules à moteur,,
ISCOGroup,http://data.europa.eu/esco/isco/C7232,7232,Mécaniciens et réparateurs de moteurs d’avion,,
ISCOGroup,http://data.europa.eu/esco/isco/C7233,7233,Mécaniciens et réparateurs de machines agricoles et industrielles,,
ISCOGroup,http://data.europa.eu/esco/isco/C7234,7234,Réparateurs de bicyclettes et assimilés,,
ISCOGroup,http://data.europa.eu/esco/isco/C73,73,Métiers qualifiés de l’artisanat et de l’imprimerie,,
ISCOGroup,http://data.europa.eu/esco/isco/C731,731,Métiers de l’artisanat,,
ISCOGroup,http://data.europa.eu/esco/isco/C7311,7311,Mécaniciens-réparateurs d’instruments de précision,,
ISCOGroup,http://data.europa.eu/esco/isco/C7312,7312,Facteurs et accordeurs d’instruments de musique,,
ISCOGroup,http://data.europa.eu/esco/isco/C7313,7313,Joailliers et orfèvres,,
ISCOGroup,http://data.europa.eu/esco/isco/C7314,7314,Potiers et assimilés (produits céramiques et abrasifs),,
ISCOGroup,http://data.europa.eu/esco/isco/C7315,7315,"Souffleurs, mouleurs, tailleurs, meuleurs et polisseurs de verre",,
ISCOGroup,http://data.europa.eu/esco/isco/C7316,7316,"Peintres d’enseignes, peintres-décorateurs et graveurs",,
ISCOGroup,http://data.europa.eu/esco/isco/C7317,7317,Métiers de l’artisanat sur bois et sur des matériaux similaires,,
ISCOGroup,http://data.europa.eu/esco/isco/C7318,7318,"Métiers de l’artisanat sur textile, sur cuir et sur des matériaux similaires",,
ISCOGroup,http://data.europa.eu/esco/isco/C7319,7319,Métiers de l’artisanat non classés ailleurs,,
ISCOGroup,http://data.europa.eu/esco/isco/C732,732,Métiers de l’imprimerie,,
ISCOGroup,http://data.europa.eu/esco/isco/C7321,7321,Compositeurs et préparateurs en forme imprimante et assimilés,,
ISCOGroup,http://data.europa.eu/esco/isco/C7322,7322,Imprimeurs,,
ISCOGroup,http://data.europa.eu/esco/isco/C7323,7323,Relieurs et assimilés,,
ISCOGroup,http://data.europa.eu/esco/isco/C74,74,Métiers de l’électricité et de l’électrotechnique,,
ISCOGroup,http://data.europa.eu/esco/isco/C741,741,"Installateurs et réparateurs, équipements électriques",,
ISCOGroup,http://data.europa.eu/esco/isco/C7411,7411,Électriciens du bâtiment et assimilés,,
ISCOGroup,http://data.europa.eu/esco/isco/C7412,7412,Mécaniciens et ajusteurs d’appareils électriques,,
ISCOGroup,http://data.europa.eu/esco/isco/C7413,7413,Monteurs et réparateurs de lignes électriques,,
ISCOGroup,http://data.europa.eu/esco/isco/C742,742,"Monteurs et réparateurs, électronique et télécommunications",,
ISCOGroup,http://data.europa.eu/esco/isco/C7421,7421,Mécaniciens et réparateurs d'appareils électroniques,,
ISCOGroup,http://data.europa.eu/esco/isco/C7422,7422,"Monteurs et réparateurs, technologies de l’information et des communications",,
ISCOGroup,http://data.europa.eu/esco/isco/C75,75,"Métiers de l’alimentation, du travail sur bois, de l’habillement et autres métiers qualifiés de l’industrie et de l’artisanat",,
ISCOGroup,http://data.europa.eu/esco/isco/C751,751,Métiers qualifiés de l’alimentation et assimilés,,
ISCOGroup,http://data.europa.eu/esco/isco/C7511,7511,"Bouchers, poissonniers et assimilés",,
ISCOGroup,http://data.europa.eu/esco/isco/C7512,7512,"Boulangers, pâtissiers et confiseurs",,
ISCOGroup,http://data.europa.eu/esco/isco/C7513,7513,Fabricants des produits laitiers,,
ISCOGroup,http://data.europa.eu/esco/isco/C7514,7514,"Conserveurs de fruits, de légumes et assimilés",,
ISCOGroup,http://data.europa.eu/esco/isco/C7515,7515,Dégustateurs et classeurs de denrées alimentaires et de boissons,,
ISCOGroup,http://data.europa.eu/esco/isco/C7516,7516,Métiers qualifiés de la préparation du tabac et de la fabrication des produits du tabac,,
ISCOGroup,http://data.europa.eu/esco/isco/C752,752,"Métiers qualifiés du traitement du bois, ébénistes et assimilés",,
ISCOGroup,http://data.europa.eu/esco/isco/C7521,7521,Métiers qualifiés du traitement du bois,,
ISCOGroup,http://data.europa.eu/esco/isco/C7522,7522,"Ébénistes, menuisiers et assimilés",,
ISCOGroup,http://data.europa.eu/esco/isco/C7523,7523,Régleurs et conducteurs de machines à bois,,
ISCOGroup,http://data.europa.eu/esco/isco/C753,753,Métiers qualifiés de l’habillement et assimilés,,
ISCOGroup,http://data.europa.eu/esco/isco/C7531,7531,"Tailleurs, couturiers, fourreurs, modistes et chapeliers",,
ISCOGroup,http://data.europa.eu/esco/isco/C7532,7532,Métiers qualifiés de la coupe de vêtements et assimilés,,
ISCOGroup,http://data.europa.eu/esco/isco/C7533,7533,"Couseurs, brodeurs et assimilés",,
ISCOGroup,http://data.europa.eu/esco/isco/C7534,7534,Tapissiers et assimilés,,
ISCOGroup,http://data.europa.eu/esco/isco/C7535,7535,"Tanneurs, peaussiers et mégissiers",,
ISCOGroup,http://data.europa.eu/esco/isco/C7536,7536,Cordonniers et assimilés,,
ISCOGroup,http://data.europa.eu/esco/isco/C754,754,Autres métiers qualifiés de l’industrie et de l’artisanat,,
ISCOGroup,http://data.europa.eu/esco/isco/C7541,7541,Scaphandriers et plongeurs,,
ISCOGroup,http://data.europa.eu/esco/isco/C7542,7542,Boutefeux,,
ISCOGroup,http://data.europa.eu/esco/isco/C7543,7543,Classeurs et essayeurs de produits (à l’exception des aliments et des boissons),,
ISCOGroup,http://data.europa.eu/esco/isco/C7544,7544,Fumigateurs et préposés au contrôle de la vermine et des mauvaises herbes,,
ISCOGroup,http://data.europa.eu/esco/isco/C7549,7549,Métiers qualifiés de l’industrie et de l’artisanat non classés ailleurs,,
ISCOGroup,http://data.europa.eu/esco/isco/C8,8,"Conducteurs d’installations et de machines, et ouvriers de l’assemblage",,
ISCOGroup,http://data.europa.eu/esco/isco/C81,81,Conducteurs de machines et d’installations fixes,,
ISCOGroup,http://data.europa.eu/esco/isco/C811,811,Conducteurs d’installations d’exploitation minière et d’extraction des minéraux,,
ISCOGroup,http://data.europa.eu/esco/isco/C8111,8111,Mineurs et conducteurs d’installations de mine,,
ISCOGroup,http://data.europa.eu/esco/isco/C8112,8112,Conducteurs d’installations de préparation des minerais et de la roche,,
ISCOGroup,http://data.europa.eu/esco/isco/C8113,8113,"Foreurs, sondeurs de puits et assimilés",,
ISCOGroup,http://data.europa.eu/esco/isco/C8114,8114,"Conducteurs de machines à fabriquer du ciment, de la pierre et d’autres produits minéraux",,
ISCOGroup,http://data.europa.eu/esco/isco/C812,812,Conducteurs d’installations de transformation et de traitement superficiel des métaux,,
ISCOGroup,http://data.europa.eu/esco/isco/C8121,8121,Conducteurs d’installations de transformation et de traitement des métaux,,
ISCOGroup,http://data.europa.eu/esco/isco/C8122,8122,Conducteurs d’installations de traitement superficiel des métaux,,
ISCOGroup,http://data.europa.eu/esco/isco/C813,813,Conducteurs d’installations et de machines pour la fabrication des produits chimiques et photographiques,,
ISCOGroup,http://data.europa.eu/esco/isco/C8131,8131,Conducteurs d’installations et de machines de traitement chimique,,
ISCOGroup,http://data.europa.eu/esco/isco/C8132,8132,Conducteurs de machines pour la fabrication des produits photographiques,,
ISCOGroup,http://data.europa.eu/esco/isco/C814,814,"Conducteurs de machines pour la fabrication de produits en caoutchouc, en matières plastiques et en papeterie",,
ISCOGroup,http://data.europa.eu/esco/isco/C8141,8141,Conducteurs de machines pour la fabrication des produits en caoutchouc,,
ISCOGroup,http://data.europa.eu/esco/isco/C8142,8142,Conducteurs de machines pour la fabrication de produits en matières plastiques,,
ISCOGroup,http://data.europa.eu/esco/isco/C8143,8143,Conducteurs de machines de papeterie,,
ISCOGroup,http://data.europa.eu/esco/isco/C815,815,Conducteurs de machines pour la fabrication de produits textiles et d’articles en fourrure et en cuir,,
ISCOGroup,http://data.europa.eu/esco/isco/C8151,8151,"Conducteurs de machines à préparer les fibres, à filer et à bobiner",,
ISCOGroup,http://data.europa.eu/esco/isco/C8152,8152,Conducteurs de métiers mécaniques à tisser et à tricoter,,
ISCOGroup,http://data.europa.eu/esco/isco/C8153,8153,Conducteurs de machines à coudre,,
ISCOGroup,http://data.europa.eu/esco/isco/C8154,8154,"Conducteurs de machines à blanchir, à teindre et à nettoyer les tissus",,
ISCOGroup,http://data.europa.eu/esco/isco/C8155,8155,Conducteurs de machines à préparer les fourrures et le cuir,,
ISCOGroup,http://data.europa.eu/esco/isco/C8156,8156,Conducteurs de machines pour la fabrication des chaussures et assimilés,,
ISCOGroup,http://data.europa.eu/esco/isco/C8157,8157,Conducteurs de machines de blanchisserie,,
ISCOGroup,http://data.europa.eu/esco/isco/C8159,8159,"Conducteurs de machines pour la fabrication de produits textiles et d’articles en fourrure et en cuir, non classés ailleurs",,
ISCOGroup,http://data.europa.eu/esco/isco/C816,816,Conducteurs de machines pour la fabrication de denrées alimentaires et de produits connexes,,
ISCOGroup,http://data.europa.eu/esco/isco/C8160,8160,Conducteurs de machines pour la fabrication de denrées alimentaires et de produits connexes,,
ISCOGroup,http://data.europa.eu/esco/isco/C817,817,Conducteurs d’installations pour la fabrication du papier et pour le travail du bois,,
ISCOGroup,http://data.europa.eu/esco/isco/C8171,8171,Conducteurs d’installations pour la fabrication du papier et de la pâte à papier,,
ISCOGroup,http://data.europa.eu/esco/isco/C8172,8172,Conducteurs d’installations pour le travail du bois,,
ISCOGroup,http://data.europa.eu/esco/isco/C818,818,Autres conducteurs de machines et d’installations fixes,,
ISCOGroup,http://data.europa.eu/esco/isco/C8181,8181,d’installations de verrerie et de céramique,,
ISCOGroup,http://data.europa.eu/esco/isco/C8182,8182,Chauffeurs de machines à vapeur et de chaudières,,
ISCOGroup,http://data.europa.eu/esco/isco/C8183,8183,"Conducteurs de machines d’emballage, d’embouteillage et d’étiquetage",,
ISCOGroup,http://data.europa.eu/esco/isco/C8189,8189,Conducteurs de machines et d’installations fixes non classés ailleurs,,
ISCOGroup,http://data.europa.eu/esco/isco/C82,82,Ouvriers de l’assemblage,,
ISCOGroup,http://data.europa.eu/esco/isco/C821,821,Ouvriers de l’assemblage,,
ISCOGroup,http://data.europa.eu/esco/isco/C8211,8211,Monteurs en construction mécanique,,
ISCOGroup,http://data.europa.eu/esco/isco/C8212,8212,Monteurs d’appareils électriques et électroniques,,
ISCOGroup,http://data.europa.eu/esco/isco/C8219,8219,Monteurs et assembleurs non classés ailleurs,,
ISCOGroup,http://data.europa.eu/esco/isco/C83,83,Conducteurs de véhicules et d’engins lourds de levage et de manœuvre,,
ISCOGroup,http://data.europa.eu/esco/isco/C831,831,Conducteurs de locomotives et assimilés,,
ISCOGroup,http://data.europa.eu/esco/isco/C8311,8311,Conducteurs de locomotives,,
ISCOGroup,http://data.europa.eu/esco/isco/C8312,8312,"Serre-freins, aiguilleurs et agents de manœuvre",,
ISCOGroup,http://data.europa.eu/esco/isco/C832,832,"Conducteurs d’automobiles, de camionnettes et de motocycles",,
ISCOGroup,http://data.europa.eu/esco/isco/C8321,8321,Conducteurs de motocycles,,
ISCOGroup,http://data.europa.eu/esco/isco/C8322,8322,Chauffeurs de taxi et conducteurs d’automobiles et de camionnettes,,
ISCOGroup,http://data.europa.eu/esco/isco/C833,833,Conducteurs de poids lourds et d’autobus,,
ISCOGroup,http://data.europa.eu/esco/isco/C8331,8331,Conducteurs d’autobus et de tramways,,
ISCOGroup,http://data.europa.eu/esco/isco/C8332,8332,Conducteurs de poids lourds et de camions,,
ISCOGroup,http://data.europa.eu/esco/isco/C834,834,Conducteurs de matériels et engins mobiles,,
ISCOGroup,http://data.europa.eu/esco/isco/C8341,8341,Conducteurs d’engins mobiles agricoles et forestiers,,
ISCOGroup,http://data.europa.eu/esco/isco/C8342,8342,Conducteurs d’engins de terrassement et de matériels similaires,,
ISCOGroup,http://data.europa.eu/esco/isco/C8343,8343,"Conducteurs de grues, d’engins de levage divers et de matériels similaires",,
ISCOGroup,http://data.europa.eu/esco/isco/C8344,8344,Conducteurs de chariots élévateurs,,
ISCOGroup,http://data.europa.eu/esco/isco/C835,835,Matelots de pont et assimilés,,
ISCOGroup,http://data.europa.eu/esco/isco/C8350,8350,Matelots de pont et assimilés,,
ISCOGroup,http://data.europa.eu/esco/isco/C9,9,Professions élémentaires,,
ISCOGroup,http://data.europa.eu/esco/isco/C91,91,Aides de ménage,,
ISCOGroup,http://data.europa.eu/esco/isco/C911,911,Aides de ménage et agents d’entretien à domicile et dans les hôtels et bureaux,,
ISCOGroup,http://data.europa.eu/esco/isco/C9111,9111,Aides de ménage à domicile,,
ISCOGroup,http://data.europa.eu/esco/isco/C9112,9112,"Agents d’entretien dans les bureaux, les hôtels et autres établissements",,
ISCOGroup,http://data.europa.eu/esco/isco/C912,912,"Laveurs de véhicules et de vitres, laveurs de linge et autres nettoyeurs manuels",,
ISCOGroup,http://data.europa.eu/esco/isco/C9121,9121,Laveurs et repasseurs de linge à la main,,
ISCOGroup,http://data.europa.eu/esco/isco/C9122,9122,Laveurs de véhicules,,
ISCOGroup,http://data.europa.eu/esco/isco/C9123,9123,Laveurs de vitres,,
ISCOGroup,http://data.europa.eu/esco/isco/C9129,9129,Autres nettoyeurs,,
ISCOGroup,http://data.europa.eu/esco/isco/C92,92,"Manœuvres de l’agriculture, de la pêche et de la sylviculture",,
ISCOGroup,http://data.europa.eu/esco/isco/C921,921,"Manœuvres de l’agriculture, de la pêche et de la sylviculture",,
ISCOGroup,http://data.europa.eu/esco/isco/C9211,9211,Manœuvres de l’agriculture,,
ISCOGroup,http://data.europa.eu/esco/isco/C9212,9212,Manœuvres de l’élevage,,
ISCOGroup,http://data.europa.eu/esco/isco/C9213,9213,Manœuvres de l’agriculture et de l’élevage,,
ISCOGroup,http://data.europa.eu/esco/isco/C9214,9214,"Manœuvres, cultures maraîchères et horticulture",,
ISCOGroup,http://data.europa.eu/esco/isco/C9215,9215,Manœuvres forestiers,,
ISCOGroup,http://data.europa.eu/esco/isco/C9216,9216,Manœuvres pêcheurs et aquaculteurs,,
ISCOGroup,http://data.europa.eu/esco/isco/C93,93,"Manœuvres des mines, du bâtiment et des travaux publics, des industries manufacturières et des transports",,
ISCOGroup,http://data.europa.eu/esco/isco/C931,931,"Manœuvres des mines, du bâtiment et des travaux publics",,
ISCOGroup,http://data.europa.eu/esco/isco/C9311,9311,Manœuvres des mines et des carrières,,
ISCOGroup,http://data.europa.eu/esco/isco/C9312,9312,Manœuvres de chantier de travaux publics,,
ISCOGroup,http://data.europa.eu/esco/isco/C9313,9313,Manoeuvres du bâtiment,,
ISCOGroup,http://data.europa.eu/esco/isco/C932,932,Manœuvres des industries manufacturières,,
ISCOGroup,http://data.europa.eu/esco/isco/C9321,9321,Emballeurs à la main et autres manœuvres des industries manufacturières,,
ISCOGroup,http://data.europa.eu/esco/isco/C9329,9329,Manœuvres des industries manufacturières non classés ailleurs,,
ISCOGroup,http://data.europa.eu/esco/isco/C933,933,Manœuvres des transports et de l’entreposage,,
ISCOGroup,http://data.europa.eu/esco/isco/C9331,9331,Conducteurs de véhicules à bras et à pédales,,
ISCOGroup,http://data.europa.eu/esco/isco/C9332,9332,Conducteurs de véhicules et de machines à traction animale,,
ISCOGroup,http://data.europa.eu/esco/isco/C9333,9333,Manutentionnaires,,
ISCOGroup,http://data.europa.eu/esco/isco/C9334,9334,Garnisseurs de rayons,,
ISCOGroup,http://data.europa.eu/esco/isco/C94,94,Assistants de fabrication de l'alimentation,,
ISCOGroup,http://data.europa.eu/esco/isco/C941,941,Assistants de fabrication de l’alimentation,,
ISCOGroup,http://data.europa.eu/esco/isco/C9411,9411,"Cuisiniers, restauration rapide",,
ISCOGroup,http://data.europa.eu/esco/isco/C9412,9412,Aides de cuisine,,
ISCOGroup,http://data.europa.eu/esco/isco/C95,95,Vendeurs ambulants et autres travailleurs des petits métiers des rues et assimilés,,
ISCOGroup,http://data.europa.eu/esco/isco/C951,951,Travailleurs des petits métiers des rues et assimilés,,
ISCOGroup,http://data.europa.eu/esco/isco/C9510,9510,Travailleurs des petits métiers des rues et assimilés,,
ISCOGroup,http://data.europa.eu/esco/isco/C952,952,Vendeurs ambulants (à l’exception de l’alimentation),,
ISCOGroup,http://data.europa.eu/esco/isco/C9520,9520,Vendeurs ambulants (à l’exception de l’alimentation),,
ISCOGroup,http://data.europa.eu/esco/isco/C96,96,Éboueurs et autres travailleurs non qualifiés,,
ISCOGroup,http://data.europa.eu/esco/isco/C961,961,Éboueurs,,
ISCOGroup,http://data.europa.eu/esco/isco/C9611,9611,"Manœuvres, enlèvement des ordures et matériel recyclable",,
ISCOGroup,http://data.europa.eu/esco/isco/C9612,9612,Trieurs de déchets,,
ISCOGroup,http://data.europa.eu/esco/isco/C9613,9613,Balayeurs et manœuvres assimilés,,
ISCOGroup,http://data.europa.eu/esco/isco/C962,962,Autres professions élémentaires,,
ISCOGroup,http://data.europa.eu/esco/isco/C9621,9621,"Messagers, porteurs de bagages et livreurs de colis",,
ISCOGroup,http://data.europa.eu/esco/isco/C9622,9622,Manœuvres polyvalents,,
ISCOGroup,http://data.europa.eu/esco/isco/C9623,9623,Encaisseurs de distributeurs automatiques à prépaiement et releveurs de compteurs,,
ISCOGroup,http://data.europa.eu/esco/isco/C9624,9624,Porteurs d’eau et ramasseurs de bois de feu,,
ISCOGroup,http://data.europa.eu/esco/isco/C9629,9629,Professions élémentaires non classées ailleurs,,
